workflow,job,github_script_count,has_setup_api_client,coverage_status,fix_status,fix_pr,fix_date,notes
agents-autofix-loop.yml,metrics,1,Yes,Covered,Fixed,PR#1189,2026-02-02,Added sparse-checkout deps + setup-api-client step
agents-bot-comment-handler.yml,cleanup,1,Yes,Covered,Fixed,PR#1189,2026-02-02,Added sparse-checkout deps + setup-api-client step
reusable-10-ci-python.yml,logs_summary,1,Yes,Covered,Fixed,PR#1189,2026-02-02,Added checkout + setup-api-client (was missing checkout)
reusable-16-agents.yml,preflight,3,Yes,Covered,Fixed,PR#1189,2026-02-02,Added sparse-checkout deps + setup-api-client step
reusable-16-agents.yml,verify_issue_summary,2,No,FALSE_POSITIVE,N/A,,,Uses github-script but only writes to core.summary - no API calls
reusable-20-pr-meta.yml,keepalive_dispatch,1,Yes,Covered,Existing,PR#1183,,Already had setup-api-client via consumer checkout
reusable-20-pr-meta.yml,keepalive_orchestrator,1,Yes,Covered,Fixed,PR#1189,2026-02-02,Added workflows-lib sparse-checkout + setup-api-client
reusable-20-pr-meta.yml,keepalive_from_gate,1,Yes,Covered,Fixed,PR#1189,2026-02-02,Added workflows-lib sparse-checkout + setup-api-client
reusable-20-pr-meta.yml,pr_body_update,2,Yes,Covered,Fixed,PR#1189,2026-02-02,Added workflows-lib sparse-checkout + setup-api-client
reusable-bot-comment-handler.yml,dispatch,1,Yes,Covered,Fixed,PR#1189,2026-02-02,Added sparse-checkout deps + setup-api-client step
agents-63-issue-intake.yml,,,Unknown,Needs Review,Unverified,,,Added from high-volume audit list; coverage not yet verified
agents-64-verify-agent-assignment.yml,,,Unknown,Needs Review,Unverified,,,Added from high-volume audit list; coverage not yet verified
agents-71-codex-belt-dispatcher.yml,,,Unknown,Needs Review,Unverified,,,Added from high-volume audit list; coverage not yet verified
agents-72-codex-belt-worker.yml,,,Unknown,Needs Review,Unverified,,,Added from high-volume audit list; coverage not yet verified
agents-73-codex-belt-conveyor.yml,,,Unknown,Needs Review,Unverified,,,Added from high-volume audit list; coverage not yet verified
agents-auto-label.yml,auto-label,,Yes,Covered,Fixed,,2026-02-03,Added setup-api-client to template workflow
agents-auto-pilot.yml,,,Unknown,Needs Review,Unverified,,,Added from high-volume audit list; coverage not yet verified
agents-capability-check.yml,capability-check,,Yes,Covered,Fixed,,2026-02-03,Added setup-api-client to template workflow
agents-decompose.yml,decompose,,Yes,Covered,Fixed,,2026-02-03,Added setup-api-client to template workflow
agents-dedup.yml,dedup,,Yes,Covered,Fixed,,2026-02-03,Added setup-api-client to template workflow
agents-guard.yml,guard,,Yes,Covered,Fixed,,2026-02-03,Added setup-api-client to template workflow
agents-issue-optimizer.yml,,,Unknown,Needs Review,Unverified,,,Added from high-volume audit list; coverage not yet verified
agents-keepalive-dispatch-handler.yml,,,Unknown,Needs Review,Unverified,,,Added from high-volume audit list; coverage not yet verified
agents-keepalive-loop.yml,,,Unknown,Needs Review,Unverified,,,Added from high-volume audit list; coverage not yet verified
agents-moderate-connector.yml,,,Unknown,Needs Review,Unverified,,,Added from high-volume audit list; coverage not yet verified
agents-verifier.yml,,,Unknown,Needs Review,Unverified,,,Added from high-volume audit list; coverage not yet verified
agents-verify-to-issue-v2.yml,,,Unknown,Needs Review,Unverified,,,Added from high-volume audit list; coverage not yet verified
agents-verify-to-new-pr-autopilot.yml,,,Unknown,Needs Review,Unverified,,,Added from high-volume audit list; coverage not yet verified
agents-verify-to-new-pr.yml,,,Unknown,Needs Review,Unverified,,,Added from high-volume audit list; coverage not yet verified
agents-weekly-metrics.yml,,,Unknown,Needs Review,Unverified,,,Added from high-volume audit list; coverage not yet verified
archived/maint-63-ensure-environments.yml,,,Unknown,Needs Review,Unverified,,,Added from high-volume audit list; coverage not yet verified
autofix.yml,,,Unknown,Needs Review,Unverified,,,Added from high-volume audit list; coverage not yet verified
health-40-repo-selfcheck.yml,,,Unknown,Needs Review,Unverified,,,Added from high-volume audit list; coverage not yet verified
health-41-repo-health.yml,,,Unknown,Needs Review,Unverified,,,Added from high-volume audit list; coverage not yet verified
health-44-gate-branch-protection.yml,,,Unknown,Needs Review,Unverified,,,Added from high-volume audit list; coverage not yet verified
health-67-integration-sync-check.yml,,,Unknown,Needs Review,Unverified,,,Added from high-volume audit list; coverage not yet verified
health-68-consumer-sync-drift.yml,,,Unknown,Needs Review,Unverified,,,Added from high-volume audit list; coverage not yet verified
health-70-validate-sync-manifest.yml,,,Unknown,Needs Review,Unverified,,,Added from high-volume audit list; coverage not yet verified
health-71-sync-health-check.yml,,,Unknown,Needs Review,Unverified,,,Added from high-volume audit list; coverage not yet verified
health-75-api-rate-diagnostic.yml,,,Unknown,Needs Review,Unverified,,,Added from high-volume audit list; coverage not yet verified
health-codex-auth-check.yml,,,Unknown,Needs Review,Unverified,,,Added from high-volume audit list; coverage not yet verified
maint-46-post-ci.yml,,,Unknown,Needs Review,Unverified,,,Added from high-volume audit list; coverage not yet verified
maint-50-tool-version-check.yml,,,Unknown,Needs Review,Unverified,,,Added from high-volume audit list; coverage not yet verified
maint-62-integration-consumer.yml,,,Unknown,Needs Review,Unverified,,,Added from high-volume audit list; coverage not yet verified
maint-66-monthly-audit.yml,,,Unknown,Needs Review,Unverified,,,Added from high-volume audit list; coverage not yet verified
maint-69-sync-labels.yml,,,Unknown,Needs Review,Unverified,,,Added from high-volume audit list; coverage not yet verified
maint-70-fix-integration-formatting.yml,,,Unknown,Needs Review,Unverified,,,Added from high-volume audit list; coverage not yet verified
maint-71-auto-fix-integration.yml,,,Unknown,Needs Review,Unverified,,,Added from high-volume audit list; coverage not yet verified
maint-71-merge-sync-prs.yml,,,Unknown,Needs Review,Unverified,,,Added from high-volume audit list; coverage not yet verified
maint-72-fix-pr-body-conflicts.yml,,,Unknown,Needs Review,Unverified,,,Added from high-volume audit list; coverage not yet verified
maint-74-ledger-base-sync.yml,,,Unknown,Needs Review,Unverified,,,Added from high-volume audit list; coverage not yet verified
maint-coverage-guard.yml,,,Unknown,Needs Review,Unverified,,,Added from high-volume audit list; coverage not yet verified
pr-00-gate.yml,summary,,Yes,Covered,Fixed,,2026-02-03,Added setup-api-client to template workflow
reusable-18-autofix.yml,,,Unknown,Needs Review,Unverified,,,Added from high-volume audit list; coverage not yet verified
reusable-70-orchestrator-init.yml,,,Unknown,Needs Review,Unverified,,,Added from high-volume audit list; coverage not yet verified
reusable-70-orchestrator-main.yml,,,Unknown,Needs Review,Unverified,,,Added from high-volume audit list; coverage not yet verified
reusable-agents-issue-bridge.yml,,,Unknown,Needs Review,Unverified,,,Added from high-volume audit list; coverage not yet verified
reusable-agents-verifier.yml,,,Unknown,Needs Review,Unverified,,,Added from high-volume audit list; coverage not yet verified
reusable-codex-run.yml,,,Unknown,Needs Review,Unverified,,,Added from high-volume audit list; coverage not yet verified
selftest-reusable-ci.yml,,,Unknown,Needs Review,Unverified,,,Added from high-volume audit list; coverage not yet verified
