Repository,Workflow,Dependency,Status,Notes
Workflows,agents-63-issue-intake.yml,token_load_balancer.js,Fixed,Sparse-checkout dependency
Workflows,agents-64-verify-agent-assignment.yml,token_load_balancer.js,Fixed,Sparse-checkout dependency
Workflows,agents-71-codex-belt-dispatcher.yml,token_load_balancer.js,Fixed,Sparse-checkout dependency
Workflows,agents-73-codex-belt-conveyor.yml,token_load_balancer.js,Fixed,Sparse-checkout dependency
Workflows,agents-autofix-loop.yml,token_load_balancer.js,Fixed,Sparse-checkout dependency
Workflows,agents-bot-comment-handler.yml,token_load_balancer.js,Fixed,Sparse-checkout dependency
Workflows,agents-capability-check.yml,token_load_balancer.js,Fixed,Sparse-checkout dependency
Workflows,agents-decompose.yml,token_load_balancer.js,Fixed,Sparse-checkout dependency
Workflows,agents-dedup.yml,token_load_balancer.js,Fixed,Sparse-checkout dependency
Workflows,agents-guard.yml,token_load_balancer.js,Fixed,Sparse-checkout dependency
Workflows,agents-moderate-connector.yml,token_load_balancer.js,Fixed,Sparse-checkout dependency
Workflows,agents-verifier.yml,token_load_balancer.js,Fixed,Sparse-checkout dependency
Workflows,agents-verify-to-issue-v2.yml,token_load_balancer.js,Fixed,Sparse-checkout dependency
Workflows,agents-verify-to-new-pr.yml,token_load_balancer.js,Fixed,Sparse-checkout dependency
Workflows,agents-weekly-metrics.yml,token_load_balancer.js,Fixed,Sparse-checkout dependency
Workflows,health-codex-auth-check.yml,token_load_balancer.js,Fixed,Sparse-checkout dependency
Workflows,maint-46-post-ci.yml,token_load_balancer.js,Fixed,Sparse-checkout dependency
Workflows,maint-50-tool-version-check.yml,token_load_balancer.js,Fixed,Sparse-checkout dependency
Workflows,maint-62-integration-consumer.yml,token_load_balancer.js,Fixed,Sparse-checkout dependency
Workflows,maint-69-sync-labels.yml,token_load_balancer.js,Fixed,Sparse-checkout dependency
Workflows,maint-72-fix-pr-body-conflicts.yml,token_load_balancer.js,Fixed,Sparse-checkout dependency
Workflows,maint-coverage-guard.yml,token_load_balancer.js,Fixed,Sparse-checkout dependency
Workflows,reusable-16-agents.yml,token_load_balancer.js,Fixed,Sparse-checkout dependency
Workflows,reusable-70-orchestrator-init.yml,token_load_balancer.js,Fixed,Sparse-checkout dependency
Workflows,reusable-70-orchestrator-main.yml,token_load_balancer.js,Fixed,Sparse-checkout dependency
Workflows,reusable-agents-issue-bridge.yml,token_load_balancer.js,Fixed,Sparse-checkout dependency
Workflows,reusable-bot-comment-handler.yml,token_load_balancer.js,Fixed,Sparse-checkout dependency
templates/consumer-repo,agents-71-codex-belt-dispatcher.yml,token_load_balancer.js,Fixed,Sparse-checkout dependency
templates/consumer-repo,agents-autofix-loop.yml,token_load_balancer.js,Fixed,Sparse-checkout dependency
templates/consumer-repo,agents-verifier.yml,token_load_balancer.js,Fixed,Sparse-checkout dependency
templates/consumer-repo,agents-verify-to-issue-v2.yml,token_load_balancer.js,Fixed,Sparse-checkout dependency
templates/consumer-repo,agents-verify-to-new-pr.yml,token_load_balancer.js,Fixed,Sparse-checkout dependency
templates/consumer-repo,maint-coverage-guard.yml,token_load_balancer.js,Fixed,Sparse-checkout dependency
Manager-Database,agents-71-codex-belt-dispatcher.yml,token_load_balancer.js,Missing,Sparse-checkout dependency
Manager-Database,agents-autofix-loop.yml,token_load_balancer.js,Fixed,Sparse-checkout dependency
Manager-Database,agents-verifier.yml,token_load_balancer.js,Missing,Sparse-checkout dependency
Manager-Database,agents-verify-to-issue-v2.yml,token_load_balancer.js,Missing,Sparse-checkout dependency
Manager-Database,agents-verify-to-new-pr.yml,token_load_balancer.js,Missing,Sparse-checkout dependency
Manager-Database,maint-coverage-guard.yml,token_load_balancer.js,Missing,Sparse-checkout dependency
Trend_Model_Project,agents-71-codex-belt-dispatcher.yml,token_load_balancer.js,Missing,Sparse-checkout dependency
Trend_Model_Project,agents-autofix-loop.yml,token_load_balancer.js,Fixed,Sparse-checkout dependency
Trend_Model_Project,agents-verifier.yml,token_load_balancer.js,Missing,Sparse-checkout dependency
Trend_Model_Project,agents-verify-to-issue-v2.yml,token_load_balancer.js,Missing,Sparse-checkout dependency
Trend_Model_Project,agents-verify-to-new-pr.yml,token_load_balancer.js,Missing,Sparse-checkout dependency
Trend_Model_Project,maint-coverage-guard.yml,token_load_balancer.js,Missing,Sparse-checkout dependency
